{"cameraMode":{"drawMode":0,"name":"Shaded","section":"Shading Mode"},"sceneLighting":true,"audioPlay":false,"sceneViewState":{"m_AlwaysRefresh":false,"showFog":true,"showSkybox":true,"showFlares":true,"showImageEffects":true,"showParticleSystems":true,"showVisualEffectGraphs":true,"m_FxEnabled":true},"in2DMode":false,"pivot":{"x":-0.23000001907348634,"y":1.3619999885559083,"z":-6.269999980926514},"rotation":{"x":0.20365116000175477,"y":0.43843990564346316,"z":-0.10270880907773972,"w":0.869340181350708},"size":0.8881937265396118,"orthographic":false}